index,ticker,sectorKey,industryKey
0,LAB,healthcare,medical-devices
1,AMSF,financial-services,insurance-specialty
2,LFWD,healthcare,medical-devices
3,UTSI,technology,communication-equipment
4,UFCS,financial-services,insurance-property-casualty
5,OSIS,technology,electronic-components
6,RSSS,technology,software-application
7,CRVL,financial-services,insurance-brokers
8,FTLF,consumer-defensive,packaged-foods
9,AVT,technology,electronics-computer-distribution
10,GOOGL,communication-services,internet-content-information
13,CWST,industrials,waste-management
14,PDEX,healthcare,medical-instruments-supplies
15,STKL,consumer-defensive,beverages-non-alcoholic
16,HOFT,consumer-cyclical,furnishings-fixtures-appliances
18,ICFI,industrials,consulting-services
19,SLRX,healthcare,biotechnology
20,SNOA,healthcare,drug-manufacturers-specialty-generic
21,VC,consumer-cyclical,auto-parts
22,EBMT,financial-services,banks-regional
24,EXEL,healthcare,biotechnology
25,BPOP,financial-services,banks-regional
27,PESI,industrials,waste-management
32,IRWD,healthcare,drug-manufacturers-specialty-generic
33,MBOT,healthcare,medical-instruments-supplies
34,NSYS,healthcare,medical-devices
35,MKTX,financial-services,capital-markets
36,CLNE,energy,oil-gas-refining-marketing
38,AIFU,financial-services,insurance-brokers
39,FOLD,healthcare,biotechnology
40,ESCA,consumer-cyclical,leisure
41,SYNA,technology,semiconductors
42,OCC,technology,communication-equipment
43,RGP,industrials,consulting-services
44,NTWK,technology,software-application
45,GRPN,communication-services,internet-content-information
46,ITRI,technology,scientific-technical-instruments
48,IART,healthcare,medical-devices
49,TITN,industrials,industrial-distribution
50,FWONA,communication-services,entertainment
53,APA,energy,oil-gas-e-p
54,WWD,industrials,aerospace-defense
55,DXCM,healthcare,medical-devices
56,GRFS,healthcare,drug-manufacturers-general
57,ULBI,industrials,electrical-equipment-parts
58,BYRN,industrials,aerospace-defense
59,NUWE,healthcare,medical-devices
61,VLGEA,consumer-defensive,grocery-stores
62,SLM,financial-services,credit-services
63,NMIH,financial-services,insurance-specialty
64,BSRR,financial-services,banks-regional
65,PLPC,industrials,electrical-equipment-parts
67,COSM,healthcare,medical-distribution
68,TMUS,communication-services,telecom-services
69,RAVE,consumer-cyclical,restaurants
70,EYPT,healthcare,biotechnology
72,SGLY,industrials,integrated-freight-logistics
73,AMPH,healthcare,drug-manufacturers-specialty-generic
74,GBDC,financial-services,asset-management
76,USIO,technology,software-infrastructure
77,PDFS,technology,software-application
78,HCM,healthcare,drug-manufacturers-specialty-generic
79,GIII,consumer-cyclical,apparel-manufacturing
80,TGTX,healthcare,biotechnology
81,NVEC,technology,semiconductors
82,CGEN,healthcare,biotechnology
83,NXST,communication-services,broadcasting
84,ARWR,healthcare,biotechnology
85,NTAP,technology,software-infrastructure
86,PXS,energy,oil-gas-midstream
87,FMNB,financial-services,banks-regional
89,FIBK,financial-services,banks-regional
90,HELE,consumer-defensive,household-personal-products
91,VUZI,technology,consumer-electronics
92,GYRE,healthcare,biotechnology
93,JVA,consumer-defensive,packaged-foods
94,FCAP,financial-services,banks-regional
96,TATT,industrials,aerospace-defense
97,GPRE,basic-materials,chemicals
98,GMAB,healthcare,biotechnology
99,QLGN,healthcare,biotechnology
100,TLF,consumer-cyclical,specialty-retail
101,FATE,healthcare,biotechnology
103,OFLX,industrials,specialty-industrial-machinery
104,GMGI,communication-services,electronic-gaming-multimedia
105,DHIL,financial-services,asset-management
106,LIVN,healthcare,medical-devices
107,PVLA,healthcare,biotechnology
108,BIDU,communication-services,internet-content-information
109,NTRS,financial-services,asset-management
110,LSCC,technology,semiconductors
112,INM,healthcare,drug-manufacturers-specialty-generic
113,AEC,energy,uranium
114,SNEX,financial-services,capital-markets
115,TSLA,consumer-cyclical,auto-manufacturers
116,AVBH,financial-services,banks-regional
117,SSYS,technology,computer-hardware
118,UNIT,real-estate,reit-specialty
119,EDSA,healthcare,biotechnology
120,FKWL,technology,communication-equipment
121,LNW,consumer-cyclical,gambling
122,SATS,communication-services,telecom-services
123,DSWL,technology,electronic-components
124,STBA,financial-services,banks-regional
125,MCRI,consumer-cyclical,resorts-casinos
126,SANG,technology,software-infrastructure
127,UNB,financial-services,banks-regional
129,CPHC,consumer-cyclical,resorts-casinos
130,ARDX,healthcare,biotechnology
131,FSV,real-estate,real-estate-services
132,CRNT,technology,communication-equipment
134,NBTB,financial-services,banks-regional
135,OLLI,consumer-defensive,discount-stores
136,MCFT,consumer-cyclical,recreational-vehicles
137,DMRC,technology,software-application
138,QCLS,technology,computer-hardware
140,REG,real-estate,reit-retail
141,RDCM,communication-services,telecom-services
142,BCBP,financial-services,banks-regional
143,LOGI,technology,computer-hardware
144,PSTV,healthcare,biotechnology
145,MMYT,consumer-cyclical,travel-services
146,EXLS,technology,information-technology-services
147,GSAT,communication-services,telecom-services
148,MVIS,technology,scientific-technical-instruments
149,BKR,energy,oil-gas-equipment-services
150,FUNC,financial-services,banks-regional
152,PAYS,technology,software-infrastructure
153,SMMT,healthcare,biotechnology
155,ZEUS,basic-materials,steel
156,RENB,healthcare,biotechnology
157,LBRDK,communication-services,telecom-services
159,NTGR,technology,communication-equipment
160,SNT,industrials,security-protection-services
161,SMID,basic-materials,building-materials
162,CNXN,technology,electronics-computer-distribution
163,PCYO,utilities,utilities-regulated-water
164,HCKT,technology,information-technology-services
165,TROW,financial-services,asset-management
166,WSBF,financial-services,banks-regional
167,CAR,industrials,rental-leasing-services
168,ORMP,healthcare,biotechnology
169,MSFT,technology,software-infrastructure
170,ADP,technology,software-application
171,VSA,consumer-defensive,education-training-services
172,OPK,healthcare,diagnostics-research
173,TRS,consumer-cyclical,packaging-containers
174,EZPW,financial-services,credit-services
175,BCPC,basic-materials,specialty-chemicals
176,LBRDA,communication-services,telecom-services
177,ADTN,technology,communication-equipment
178,SKYW,industrials,airlines
179,EDAP,healthcare,medical-distribution
180,CAPR,healthcare,biotechnology
182,FTFT,technology,software-application
183,ISTR,financial-services,banks-regional
184,XTLB,healthcare,biotechnology
185,GT,consumer-cyclical,auto-parts
186,ICUI,healthcare,medical-instruments-supplies
187,MBUU,consumer-cyclical,recreational-vehicles
188,SMSI,technology,software-application
190,SMLR,healthcare,medical-devices
191,VRME,industrials,security-protection-services
193,CRBP,healthcare,biotechnology
194,ENTG,technology,semiconductor-equipment-materials
195,SNY,healthcare,drug-manufacturers-general
196,JOUT,consumer-cyclical,leisure
197,VSTM,healthcare,biotechnology
198,ZYXI,healthcare,medical-distribution
199,EVO,healthcare,drug-manufacturers-specialty-generic
200,CSCO,technology,communication-equipment
201,DGICB,financial-services,insurance-property-casualty
202,SLS,healthcare,biotechnology
204,CHCI,real-estate,real-estate-services
205,VBIX,communication-services,internet-content-information
206,FNLC,financial-services,banks-regional
208,FGEN,healthcare,biotechnology
209,CMCO,industrials,farm-heavy-construction-machinery
210,LAMR,real-estate,reit-specialty
211,KVHI,communication-services,telecom-services
212,UPLD,technology,software-application
213,CPRT,industrials,specialty-business-services
214,CVGI,consumer-cyclical,auto-parts
215,CHSCN,consumer-defensive,farm-products
216,HOLX,healthcare,medical-instruments-supplies
217,IRMD,healthcare,medical-devices
218,CLFD,technology,communication-equipment
221,PKOH,industrials,specialty-industrial-machinery
222,NGNE,healthcare,biotechnology
223,ATON,financial-services,asset-management
224,MOFG,financial-services,banks-regional
225,OFIX,healthcare,medical-devices
226,NTRA,healthcare,diagnostics-research
227,CROX,consumer-cyclical,footwear-accessories
229,PAYX,technology,software-application
231,DLHC,industrials,specialty-business-services
233,YHGJ,consumer-cyclical,packaging-containers
234,OSPN,technology,software-infrastructure
235,SNFCA,financial-services,mortgage-finance
236,UBCP,financial-services,banks-regional
238,RPD,technology,software-infrastructure
239,ERII,industrials,pollution-treatment-controls
240,TNDM,healthcare,medical-devices
241,UEIC,technology,consumer-electronics
242,SCHL,communication-services,publishing
243,GCTK,healthcare,medical-instruments-supplies
244,TROO,financial-services,credit-services
245,SBRA,real-estate,reit-healthcare-facilities
246,SMBC,financial-services,banks-regional
247,FFIN,financial-services,banks-regional
248,LGO,basic-materials,other-industrial-metals-mining
249,BLNK,industrials,engineering-construction
250,LMNR,consumer-defensive,farm-products
251,FORD,consumer-cyclical,footwear-accessories
252,AEYE,technology,software-application
253,WEN,consumer-cyclical,restaurants
254,BCIC,financial-services,asset-management
255,TBPH,healthcare,biotechnology
257,TANH,consumer-defensive,household-personal-products
258,RMR,real-estate,real-estate-services
259,AMTX,basic-materials,specialty-chemicals
260,LRMR,healthcare,biotechnology
263,LIQT,industrials,pollution-treatment-controls
264,PULM,healthcare,biotechnology
265,AYTU,healthcare,drug-manufacturers-specialty-generic
267,QMCO,technology,computer-hardware
268,GEN,technology,software-infrastructure
269,RBCAA,financial-services,banks-regional
271,YDKG,communication-services,advertising-agencies
272,MKSI,technology,scientific-technical-instruments
274,VIVK,energy,oil-gas-integrated
275,HTO,utilities,utilities-regulated-water
276,ANGI,communication-services,internet-content-information
277,RUSHA,consumer-cyclical,auto-truck-dealerships
278,NEXM,basic-materials,other-industrial-metals-mining
280,AAPL,technology,consumer-electronics
283,NAGE,healthcare,biotechnology
284,MIDD,industrials,specialty-industrial-machinery
285,WAFD,financial-services,banks-regional
286,CWBC,financial-services,banks-regional
288,AOSL,technology,semiconductors
289,BCRX,healthcare,drug-manufacturers-specialty-generic
291,GCBC,financial-services,banks-regional
292,FCNCA,financial-services,banks-regional
293,ARCC,financial-services,asset-management
294,ARKR,consumer-cyclical,restaurants
296,SLAB,technology,semiconductors
297,INSE,consumer-cyclical,gambling
298,STRR,industrials,conglomerates
299,LRCX,technology,semiconductor-equipment-materials
300,BWEN,industrials,specialty-industrial-machinery
301,JBLU,industrials,airlines
302,PCTY,technology,software-application
303,MGYR,financial-services,banks-regional
304,UBSI,financial-services,banks-regional
305,PRQR,healthcare,biotechnology
306,MFIN,financial-services,credit-services
308,CAAS,consumer-cyclical,auto-parts
310,VSAT,technology,communication-equipment
311,XRX,technology,information-technology-services
312,FTNT,technology,software-infrastructure
313,HURA,healthcare,biotechnology
314,EFSC,financial-services,banks-regional
315,BYFC,financial-services,banks-regional
316,CINF,financial-services,insurance-property-casualty
317,LNT,utilities,utilities-regulated-electric
318,REFR,technology,electronic-components
319,UONEK,communication-services,broadcasting
320,RDI,communication-services,entertainment
321,OPI,real-estate,reit-office
323,CFFI,financial-services,banks-regional
324,BHRB,financial-services,banks-regional
325,MARA,financial-services,capital-markets
326,HSIC,healthcare,medical-distribution
329,HQY,healthcare,health-information-services
330,WKSP,consumer-cyclical,auto-parts
331,DXPE,industrials,industrial-distribution
332,SBCF,financial-services,banks-regional
336,TOWN,financial-services,banks-regional
338,CPSH,technology,electronic-components
340,OMEX,basic-materials,other-industrial-metals-mining
341,KMB,consumer-defensive,household-personal-products
342,RCON,energy,oil-gas-equipment-services
343,ABUS,healthcare,biotechnology
345,SENEA,consumer-defensive,packaged-foods
346,POAI,healthcare,health-information-services
347,FORM,technology,semiconductor-equipment-materials
348,SSSS,financial-services,asset-management
350,SFST,financial-services,banks-regional
351,SFBC,financial-services,banks-regional
352,WLFC,industrials,rental-leasing-services
353,CTBI,financial-services,banks-regional
354,ZION,financial-services,banks-regional
355,CSWC,financial-services,asset-management
356,LPCN,healthcare,biotechnology
357,RGS,consumer-cyclical,personal-services
358,LILA,communication-services,telecom-services
359,NOTV,healthcare,diagnostics-research
360,EGAN,technology,software-application
361,GILD,healthcare,drug-manufacturers-general
362,OESX,industrials,electrical-equipment-parts
363,CME,financial-services,financial-data-stock-exchanges
364,LKFN,financial-services,banks-regional
365,BINI,consumer-cyclical,auto-manufacturers
366,SFNC,financial-services,banks-regional
367,LFUS,technology,electronic-components
368,RGCO,utilities,utilities-regulated-gas
369,CWCO,utilities,utilities-regulated-water
370,CRVO,healthcare,biotechnology
371,CCRN,healthcare,medical-care-facilities
372,WKHS,consumer-cyclical,auto-manufacturers
373,USAU,basic-materials,gold
374,FORTY,technology,information-technology-services
375,PBHC,financial-services,banks-regional
377,AXGN,healthcare,medical-devices
378,AMCX,communication-services,entertainment
379,ULTA,consumer-cyclical,specialty-retail
380,KLIC,technology,semiconductor-equipment-materials
381,TILE,consumer-cyclical,furnishings-fixtures-appliances
382,WPRT,consumer-cyclical,auto-parts
383,SEED,basic-materials,agricultural-inputs
384,DRS,industrials,aerospace-defense
385,PNRG,energy,oil-gas-e-p
386,COMM,technology,communication-equipment
387,PANW,technology,software-infrastructure
388,MNKD,healthcare,biotechnology
390,MRCY,industrials,aerospace-defense
391,PCAR,industrials,farm-heavy-construction-machinery
392,LINK,technology,electronic-components
393,AGNC,real-estate,reit-mortgage
394,AQMS,industrials,waste-management
395,ZVRA,healthcare,biotechnology
396,HST,real-estate,reit-hotel-motel
397,SCNI,healthcare,biotechnology
398,PLXS,technology,electronic-components
399,NITO,basic-materials,agricultural-inputs
400,ON,technology,semiconductors
401,WVE,healthcare,biotechnology
402,INO,healthcare,biotechnology
403,ANDE,consumer-defensive,food-distribution
404,ARTNA,utilities,utilities-regulated-water
405,ENTA,healthcare,biotechnology
407,QCRH,financial-services,banks-regional
408,ATLX,basic-materials,other-industrial-metals-mining
409,WIX,technology,software-infrastructure
410,HQI,industrials,staffing-employment-services
411,IVDA,industrials,security-protection-services
412,CHSCL,consumer-defensive,farm-products
413,LPTH,technology,electronic-components
414,FIZZ,consumer-defensive,beverages-non-alcoholic
415,MORN,financial-services,financial-data-stock-exchanges
416,CASH,financial-services,banks-regional
417,SHBI,financial-services,banks-regional
418,ENSG,healthcare,medical-care-facilities
419,CLAR,consumer-cyclical,leisure
421,ROP,technology,software-application
422,SPNS,technology,software-application
423,ARCT,healthcare,biotechnology
424,BCTX,healthcare,biotechnology
425,NEGG,consumer-cyclical,internet-retail
426,OCSL,financial-services,asset-management
428,PGEN,healthcare,biotechnology
429,GYRO,real-estate,real-estate-services
431,TCOM,consumer-cyclical,travel-services
433,MAR,consumer-cyclical,lodging
434,VALU,financial-services,financial-data-stock-exchanges
435,MAYS,real-estate,real-estate-services
436,LARK,financial-services,banks-regional
437,LSTR,industrials,integrated-freight-logistics
438,LBTYB,communication-services,telecom-services
439,KNDI,consumer-cyclical,recreational-vehicles
440,ALRS,financial-services,banks-regional
441,IRDM,communication-services,telecom-services
442,FANG,energy,oil-gas-e-p
443,ISSC,industrials,aerospace-defense
444,TSEM,technology,semiconductors
446,VIRC,consumer-cyclical,furnishings-fixtures-appliances
447,CETX,technology,software-infrastructure
448,VTVT,healthcare,biotechnology
449,LBTYA,communication-services,telecom-services
450,FORR,industrials,consulting-services
451,WDC,technology,computer-hardware
452,VTSI,technology,software-application
453,MPWR,technology,semiconductors
454,FNWB,financial-services,banks-regional
455,SWKS,technology,semiconductors
456,CAPS,basic-materials,building-materials
457,SLMBP,financial-services,credit-services
458,PEBK,financial-services,banks-regional
459,TVTX,healthcare,biotechnology
461,PROV,financial-services,banks-regional
462,COLB,financial-services,banks-regional
463,OSUR,healthcare,medical-instruments-supplies
465,FLNT,communication-services,advertising-agencies
466,NCPL,financial-services,capital-markets
467,SUIG,financial-services,credit-services
468,LFCR,healthcare,drug-manufacturers-specialty-generic
469,FUSB,financial-services,banks-regional
470,PAHC,healthcare,drug-manufacturers-specialty-generic
471,BNTC,healthcare,biotechnology
473,LOPE,consumer-defensive,education-training-services
474,AIRT,industrials,conglomerates
476,CHY,financial-services,asset-management
477,WERN,industrials,trucking
478,RGLD,basic-materials,gold
479,VRDN,healthcare,biotechnology
480,JAKK,consumer-cyclical,leisure
481,MESO,healthcare,biotechnology
482,TBRG,healthcare,health-information-services
484,KTOS,industrials,aerospace-defense
486,HWBK,financial-services,banks-regional
488,FFIC,financial-services,banks-regional
489,MGNX,healthcare,biotechnology
491,NWE,utilities,utilities-regulated-electric
492,SAMG,financial-services,asset-management
493,KEQU,consumer-cyclical,furnishings-fixtures-appliances
494,DAIO,technology,electronic-components
495,LFMD,healthcare,health-information-services
496,NCMI,communication-services,advertising-agencies
497,SMTI,healthcare,medical-instruments-supplies
498,SANM,technology,electronic-components
499,ONB,financial-services,banks-regional
500,AMSC,industrials,specialty-industrial-machinery
501,AAME,financial-services,insurance-life
502,HYFT,healthcare,biotechnology
504,NWPX,basic-materials,steel
505,CFBK,financial-services,banks-regional
507,AXON,industrials,aerospace-defense
508,MBCN,financial-services,banks-regional
510,ESPR,healthcare,drug-manufacturers-specialty-generic
511,PYPL,financial-services,credit-services
512,CPIX,healthcare,drug-manufacturers-specialty-generic
514,CRESY,industrials,conglomerates
515,WINA,consumer-cyclical,specialty-retail
517,TRNS,industrials,specialty-business-services
518,RDWR,technology,software-infrastructure
519,CZNC,financial-services,banks-regional
520,CRMD,healthcare,biotechnology
521,BLFS,healthcare,medical-instruments-supplies
522,SMCI,technology,computer-hardware
523,PSHG,industrials,marine-shipping
524,XBIT,healthcare,biotechnology
525,NTRP,consumer-cyclical,travel-services
526,JAGX,healthcare,biotechnology
527,CELH,consumer-defensive,beverages-non-alcoholic
528,HIHO,industrials,metal-fabrication
529,UFPT,healthcare,medical-devices
530,HAIN,consumer-defensive,packaged-foods
531,HURC,industrials,specialty-industrial-machinery
532,CSIQ,technology,solar
533,SEVN,real-estate,reit-mortgage
534,QNST,communication-services,advertising-agencies
535,FCBC,financial-services,banks-regional
536,ZD,communication-services,advertising-agencies
537,ASTE,industrials,farm-heavy-construction-machinery
538,CCEP,consumer-defensive,beverages-non-alcoholic
539,FXNC,financial-services,banks-regional
540,SNCR,technology,software-infrastructure
541,NEO,healthcare,diagnostics-research
543,LGND,healthcare,biotechnology
546,LWAY,consumer-defensive,packaged-foods
547,IOVA,healthcare,biotechnology
549,FFIV,technology,software-infrastructure
550,PMTS,financial-services,credit-services
551,MNSB,financial-services,banks-regional
552,HNNA,financial-services,asset-management
553,CVGW,consumer-defensive,food-distribution
554,JJSF,consumer-defensive,packaged-foods
555,ACLS,technology,semiconductor-equipment-materials
556,RCAT,industrials,aerospace-defense
557,WHF,financial-services,asset-management
559,GLPG,healthcare,biotechnology
560,TRI,industrials,specialty-business-services
561,AMGN,healthcare,drug-manufacturers-general
562,SIGI,financial-services,insurance-property-casualty
563,DVAX,healthcare,drug-manufacturers-specialty-generic
565,PCSA,healthcare,biotechnology
566,TWIN,industrials,specialty-industrial-machinery
567,MATW,industrials,conglomerates
568,CLMT,basic-materials,specialty-chemicals
569,LOAN,real-estate,reit-mortgage
570,HWC,financial-services,banks-regional
571,AIFF,technology,software-application
573,LILAK,communication-services,telecom-services
574,ATLO,financial-services,banks-regional
575,WTFC,financial-services,banks-regional
576,AGIO,healthcare,biotechnology
577,DSGX,technology,software-application
578,NMFC,financial-services,asset-management
579,DHC,real-estate,reit-healthcare-facilities
580,SIMO,technology,semiconductors
581,CVBF,financial-services,banks-regional
582,PPBT,healthcare,biotechnology
584,DGII,technology,communication-equipment
585,WLDN,industrials,engineering-construction
586,HDSN,basic-materials,specialty-chemicals
587,MVBF,financial-services,banks-regional
588,AZN,healthcare,drug-manufacturers-general
589,LMFA,financial-services,credit-services
590,AKAM,technology,software-infrastructure
591,BDRX,healthcare,biotechnology
592,ATHE,healthcare,biotechnology
593,WSC,industrials,rental-leasing-services
595,CENN,consumer-cyclical,auto-manufacturers
597,PAMT,industrials,trucking
598,PNBK,financial-services,banks-regional
599,AVGO,technology,semiconductors
600,BGMS,healthcare,biotechnology
601,MEOH,basic-materials,chemicals
602,FITB,financial-services,banks-regional
603,REGN,healthcare,biotechnology
604,PLCE,consumer-cyclical,apparel-manufacturing
605,PSEC,financial-services,asset-management
606,GOOG,communication-services,internet-content-information
607,UAL,industrials,airlines
608,JYNT,healthcare,medical-care-facilities
609,CGNX,technology,scientific-technical-instruments
610,TECH,healthcare,biotechnology
611,NVDA,technology,semiconductors
613,FUND,financial-services,asset-management
614,CHNR,basic-materials,other-industrial-metals-mining
616,FNWD,financial-services,banks-regional
617,RAND,financial-services,asset-management
618,SBFG,financial-services,banks-regional
619,ACGL,financial-services,insurance-diversified
620,ONC,healthcare,biotechnology
621,PACB,healthcare,medical-devices
622,INCY,healthcare,biotechnology
623,XNCR,healthcare,biotechnology
624,PKBK,financial-services,banks-regional
625,INDP,healthcare,biotechnology
626,VERU,healthcare,biotechnology
627,RDIB,communication-services,entertainment
628,TACT,technology,computer-hardware
629,OMCL,healthcare,health-information-services
630,EQIX,real-estate,reit-specialty
631,KURA,healthcare,biotechnology
634,HSDT,financial-services,asset-management
636,CDZI,utilities,utilities-regulated-water
637,DWSN,energy,oil-gas-equipment-services
638,TRIB,healthcare,medical-devices
641,TRST,financial-services,banks-regional
642,LIND,consumer-cyclical,travel-services
644,SIGA,healthcare,drug-manufacturers-specialty-generic
645,PPCB,healthcare,biotechnology
646,SCKT,technology,computer-hardware
648,NEOG,healthcare,diagnostics-research
649,JD,consumer-cyclical,internet-retail
650,HNRG,energy,thermal-coal
651,RDNT,healthcare,diagnostics-research
652,BSET,consumer-cyclical,furnishings-fixtures-appliances
653,IBCP,financial-services,banks-regional
654,BATRK,communication-services,entertainment
655,SLNO,healthcare,biotechnology
656,SCOR,communication-services,internet-content-information
657,PANL,industrials,marine-shipping
658,RMCF,consumer-defensive,confectioners
659,PLBC,financial-services,banks-regional
660,MARPS,energy,oil-gas-midstream
661,VVPR,technology,solar
662,WYNN,consumer-cyclical,resorts-casinos
663,RDHL,healthcare,drug-manufacturers-specialty-generic
664,JKHY,technology,information-technology-services
665,LNTH,healthcare,drug-manufacturers-specialty-generic
666,CORT,healthcare,biotechnology
667,NVMI,technology,semiconductor-equipment-materials
668,INSM,healthcare,biotechnology
669,FCFS,financial-services,credit-services
670,SLRC,financial-services,asset-management
673,ASTC,technology,scientific-technical-instruments
674,LECO,industrials,tools-accessories
675,TER,technology,semiconductor-equipment-materials
676,HRZN,financial-services,asset-management
677,CLPT,healthcare,medical-devices
678,FSFG,financial-services,banks-regional
679,OBLG,technology,software-application
680,DYAI,healthcare,biotechnology
681,XOMA,healthcare,biotechnology
682,PEGA,technology,software-application
683,SOHU,communication-services,electronic-gaming-multimedia
684,SYBX,healthcare,biotechnology
686,VRSN,technology,software-infrastructure
687,APEI,consumer-defensive,education-training-services
688,GLPI,real-estate,reit-specialty
689,SSP,communication-services,broadcasting
690,PRPL,consumer-cyclical,furnishings-fixtures-appliances
691,CRMT,consumer-cyclical,auto-truck-dealerships
692,MNOV,healthcare,biotechnology
693,CPB,consumer-defensive,packaged-foods
694,DMLP,energy,oil-gas-e-p
696,ZIONP,financial-services,banks-regional
697,APPS,technology,software-application
698,TRAW,healthcare,biotechnology
699,JOYY,communication-services,internet-content-information
700,SCWO,industrials,pollution-treatment-controls
701,INTU,technology,software-application
702,OVBC,financial-services,banks-regional
704,KELYB,industrials,staffing-employment-services
705,QDEL,healthcare,medical-devices
706,PLAY,communication-services,entertainment
708,IMMR,technology,software-application
709,RCMT,industrials,conglomerates
710,GGAL,financial-services,banks-regional
711,FFBC,financial-services,banks-regional
712,CACC,financial-services,credit-services
713,PENN,consumer-cyclical,resorts-casinos
714,CASS,industrials,specialty-business-services
715,ERIC,technology,communication-equipment
716,SYBT,financial-services,banks-regional
717,TTSH,consumer-cyclical,home-improvement-retail
718,STRS,real-estate,real-estate-diversified
719,NFBK,financial-services,banks-regional
720,III,technology,information-technology-services
721,FELE,industrials,specialty-industrial-machinery
722,EXPO,industrials,engineering-construction
723,TOMZ,industrials,pollution-treatment-controls
724,CLDX,healthcare,biotechnology
725,AMRN,healthcare,drug-manufacturers-general
727,TAYD,industrials,specialty-industrial-machinery
729,QVCGA,consumer-cyclical,internet-retail
730,SBUX,consumer-cyclical,restaurants
731,HAFC,financial-services,banks-regional
732,FOSL,consumer-cyclical,footwear-accessories
733,CATY,financial-services,banks-regional
735,DLPN,communication-services,advertising-agencies
736,NATR,consumer-defensive,packaged-foods
737,GEVO,basic-materials,specialty-chemicals
739,GLMD,healthcare,biotechnology
740,CRTO,communication-services,advertising-agencies
741,ORKA,healthcare,biotechnology
742,NNBR,industrials,conglomerates
743,ASML,technology,semiconductor-equipment-materials
744,PBPB,consumer-cyclical,restaurants
745,RIOT,financial-services,capital-markets
746,SAFT,financial-services,insurance-property-casualty
748,KZIA,healthcare,biotechnology
749,TCPC,financial-services,asset-management
750,ADEA,technology,software-application
751,NFLX,communication-services,entertainment
752,ALKS,healthcare,drug-manufacturers-specialty-generic
753,SUNE,technology,solar
754,AMZN,consumer-cyclical,internet-retail
755,TCX,technology,software-infrastructure
756,AGYS,technology,software-application
757,ESEA,industrials,marine-shipping
758,EFOI,consumer-cyclical,furnishings-fixtures-appliances
759,BMRC,financial-services,banks-regional
760,NHTC,consumer-cyclical,internet-retail
761,AMRK,financial-services,capital-markets
762,FRD,basic-materials,steel
763,CSBR,healthcare,biotechnology
764,ABAT,industrials,waste-management
765,SBLX,consumer-cyclical,auto-manufacturers
766,GWRS,utilities,utilities-regulated-water
767,SGC,consumer-cyclical,apparel-manufacturing
768,BANX,financial-services,asset-management
769,BANF,financial-services,banks-regional
770,CTLP,technology,software-infrastructure
772,AMWD,consumer-cyclical,furnishings-fixtures-appliances
773,HCSG,healthcare,medical-care-facilities
774,LSTA,healthcare,biotechnology
775,TSSI,technology,information-technology-services
776,RFIL,industrials,electrical-equipment-parts
777,UFPI,basic-materials,lumber-wood-production
778,TTEC,technology,information-technology-services
779,ELDN,healthcare,biotechnology
780,WDAY,technology,software-application
782,TCBK,financial-services,banks-regional
784,ALNY,healthcare,biotechnology
786,BMRA,healthcare,medical-devices
787,RRGB,consumer-cyclical,restaurants
788,NNDM,technology,computer-hardware
790,INDV,healthcare,drug-manufacturers-specialty-generic
791,THRM,consumer-cyclical,auto-parts
792,GSBC,financial-services,banks-regional
793,CVV,industrials,specialty-industrial-machinery
795,BNC,industrials,farm-heavy-construction-machinery
796,OZK,financial-services,banks-regional
797,WTBA,financial-services,banks-regional
798,IMNN,healthcare,biotechnology
799,LTBR,industrials,electrical-equipment-parts
800,GLNG,energy,oil-gas-midstream
801,TAOP,technology,software-infrastructure
803,CHI,financial-services,asset-management
805,TONX,technology,software-application
807,ADBE,technology,software-application
808,LULU,consumer-cyclical,apparel-retail
810,AACG,consumer-defensive,education-training-services
811,HWKN,basic-materials,specialty-chemicals
812,SCSC,technology,electronics-computer-distribution
813,WABC,financial-services,banks-regional
814,EXC,utilities,utilities-regulated-electric
815,KELYA,industrials,staffing-employment-services
816,ANIK,healthcare,drug-manufacturers-specialty-generic
817,MYGN,healthcare,diagnostics-research
818,ADAM,real-estate,reit-mortgage
819,AMBA,technology,semiconductor-equipment-materials
820,WRLD,financial-services,credit-services
821,HIVE,financial-services,capital-markets
822,AXSM,healthcare,biotechnology
823,LAKE,consumer-cyclical,apparel-manufacturing
824,WTW,financial-services,insurance-brokers
826,JCTC,basic-materials,lumber-wood-production
827,VHC,technology,software-infrastructure
828,ARAY,healthcare,medical-devices
829,MASI,healthcare,medical-devices
830,ENVB,healthcare,biotechnology
831,FRPT,consumer-defensive,packaged-foods
834,NWSA,communication-services,entertainment
836,PXLW,technology,semiconductors
837,CRVS,healthcare,biotechnology
838,FGBI,financial-services,banks-regional
839,IPWR,technology,semiconductors
840,CECO,industrials,pollution-treatment-controls
841,nan,financial-services,asset-management
842,LEDS,technology,semiconductors
843,LMAT,healthcare,medical-instruments-supplies
844,FSBW,financial-services,banks-regional
845,CG,financial-services,asset-management
846,OTEX,technology,software-application
847,TRUE,communication-services,internet-content-information
848,CBSH,financial-services,banks-regional
849,KG,financial-services,insurance-brokers
850,ATYR,healthcare,biotechnology
851,GNTX,consumer-cyclical,auto-parts
852,ORRF,financial-services,banks-regional
853,GSM,basic-materials,other-industrial-metals-mining
854,GSIT,technology,semiconductors
855,CAC,financial-services,banks-regional
856,NSIT,technology,electronics-computer-distribution
857,FLXS,consumer-cyclical,furnishings-fixtures-appliances
858,NBN,financial-services,banks-regional
859,BOSC,technology,communication-equipment
861,CRDF,healthcare,biotechnology
862,AIOT,technology,software-infrastructure
863,ASTH,healthcare,medical-care-facilities
864,ODFL,industrials,trucking
865,GALT,healthcare,biotechnology
866,CHRS,healthcare,biotechnology
867,TXRH,consumer-cyclical,restaurants
868,RZLT,healthcare,biotechnology
869,STX,technology,computer-hardware
870,ESLT,industrials,aerospace-defense
872,GIFI,industrials,metal-fabrication
873,KFFB,financial-services,banks-regional
875,ALCO,consumer-defensive,farm-products
876,ATRO,industrials,aerospace-defense
877,FPAY,industrials,rental-leasing-services
878,BELFB,technology,electronic-components
879,OMAB,industrials,airports-air-services
880,AEIS,industrials,electrical-equipment-parts
881,ELVA,industrials,electrical-equipment-parts
882,TCBI,financial-services,banks-regional
883,BJRI,consumer-cyclical,restaurants
884,RAIL,industrials,railroads
885,PODD,healthcare,medical-devices
886,NWS,communication-services,entertainment
887,PFG,financial-services,asset-management
888,CTSH,technology,information-technology-services
889,HSTM,healthcare,health-information-services
890,OMCC,financial-services,credit-services
891,WFCF,industrials,specialty-business-services
892,BKNG,consumer-cyclical,travel-services
893,NOVT,technology,scientific-technical-instruments
894,HBAN,financial-services,banks-regional
896,NVCR,healthcare,medical-devices
897,BVFL,financial-services,banks-regional
898,VIVS,healthcare,biotechnology
900,TLPH,healthcare,drug-manufacturers-specialty-generic
901,CYBR,technology,software-infrastructure
902,SELF,real-estate,reit-specialty
903,CBRL,consumer-cyclical,restaurants
904,FER,industrials,engineering-construction
905,WDFC,basic-materials,specialty-chemicals
906,SSNC,technology,software-application
907,MZTI,consumer-defensive,packaged-foods
908,NKTR,healthcare,biotechnology
909,LKQ,consumer-cyclical,auto-parts
910,GURE,basic-materials,chemicals
912,BRFH,consumer-defensive,beverages-non-alcoholic
913,SKYE,healthcare,biotechnology
914,RCEL,healthcare,medical-devices
915,TRMK,financial-services,banks-regional
916,SNDX,healthcare,biotechnology
917,OLB,technology,software-infrastructure
919,SLNG,energy,oil-gas-integrated
921,FBIO,healthcare,biotechnology
922,MNDO,technology,software-application
923,CAKE,consumer-cyclical,restaurants
924,HSII,industrials,staffing-employment-services
925,UTMD,healthcare,medical-instruments-supplies
926,MDLZ,consumer-defensive,confectioners
927,MGEE,utilities,utilities-regulated-electric
928,ARQ,industrials,pollution-treatment-controls
929,VABK,financial-services,banks-regional
931,SCYX,healthcare,drug-manufacturers-specialty-generic
932,ATNI,communication-services,telecom-services
933,POOL,industrials,industrial-distribution
934,CLRO,technology,communication-equipment
935,AEHL,industrials,building-products-equipment
936,BBSI,industrials,staffing-employment-services
937,XXII,consumer-defensive,tobacco
938,TXMD,healthcare,drug-manufacturers-specialty-generic
940,HBCP,financial-services,banks-regional
941,MAT,consumer-cyclical,leisure
942,GLBZ,financial-services,banks-regional
943,LYTS,technology,electronic-components
944,ALGN,healthcare,medical-instruments-supplies
945,PNFP,financial-services,banks-regional
946,VRNS,technology,software-infrastructure
947,DAKT,technology,electronic-components
948,ORLY,consumer-cyclical,auto-parts
950,SMTC,technology,semiconductors
951,HIFS,financial-services,banks-regional
952,WNEB,financial-services,banks-regional
953,ATEC,healthcare,medical-devices
954,VEON,communication-services,telecom-services
955,COKE,consumer-defensive,beverages-non-alcoholic
956,AAON,industrials,building-products-equipment
957,OFS,financial-services,asset-management
958,UVSP,financial-services,banks-regional
959,ZTEK,healthcare,medical-instruments-supplies
961,NSSC,industrials,security-protection-services
962,RCKT,healthcare,biotechnology
963,SEDG,technology,solar
964,NAOV,healthcare,medical-devices
965,IMDX,healthcare,diagnostics-research
966,NICE,technology,software-application
967,IDN,technology,software-application
969,CEVA,technology,semiconductors
970,BGMSP,healthcare,biotechnology
971,PEBO,financial-services,banks-regional
972,UNTY,financial-services,banks-regional
973,CHEF,consumer-defensive,food-distribution
974,LITS,healthcare,biotechnology
975,MDGL,healthcare,biotechnology
976,ATRC,healthcare,medical-instruments-supplies
977,PCH,real-estate,reit-specialty
978,ITIC,financial-services,insurance-specialty
979,IPAR,consumer-defensive,household-personal-products
980,MGNI,communication-services,advertising-agencies
981,VIAV,technology,communication-equipment
983,JAZZ,healthcare,biotechnology
984,CODA,industrials,aerospace-defense
985,GERN,healthcare,biotechnology
988,HTBK,financial-services,banks-regional
989,FRME,financial-services,banks-regional
991,DIOD,technology,semiconductors
992,VCEL,healthcare,biotechnology
993,ACHV,healthcare,biotechnology
994,VANI,healthcare,biotechnology
995,PMN,healthcare,biotechnology
996,TARA,healthcare,biotechnology
997,ARLP,energy,thermal-coal
998,SFM,consumer-defensive,grocery-stores
999,GAIA,communication-services,entertainment
1000,COHU,technology,semiconductor-equipment-materials
1001,SEIC,financial-services,asset-management
1002,ACFN,technology,scientific-technical-instruments
1003,ZBRA,technology,communication-equipment
1004,YORW,utilities,utilities-regulated-water
1006,IBRX,healthcare,biotechnology
1007,PPSI,industrials,electrical-equipment-parts
1008,UG,consumer-defensive,household-personal-products
1009,ANGO,healthcare,medical-instruments-supplies
1010,DLTH,consumer-cyclical,apparel-retail
1011,BLKB,technology,software-application
1012,SNPS,technology,software-infrastructure
1013,CARV,financial-services,banks-regional
1014,JBSS,consumer-defensive,packaged-foods
1015,OLED,technology,electronic-components
1016,PLUG,industrials,electrical-equipment-parts
1017,SGMO,healthcare,biotechnology
1018,MNRO,consumer-cyclical,auto-parts
1019,SAVA,healthcare,biotechnology
1020,AMAT,technology,semiconductor-equipment-materials
1021,CGO,financial-services,asset-management
1022,CHCO,financial-services,banks-regional
1023,IMOS,technology,semiconductors
1024,OPBK,financial-services,banks-regional
1025,LCNB,financial-services,banks-regional
1026,CHEK,healthcare,diagnostics-research
1027,SSKN,healthcare,medical-devices
1029,TPST,healthcare,biotechnology
1030,PINC,healthcare,health-information-services
1031,SGA,communication-services,broadcasting
1032,RYAAY,industrials,airlines
1034,ACIC,financial-services,insurance-property-casualty
1035,ECPG,financial-services,credit-services
1037,EXTR,technology,communication-equipment
1038,INSG,technology,communication-equipment
1039,FTAI,industrials,rental-leasing-services
1040,CLLS,healthcare,biotechnology
1041,CPSS,financial-services,credit-services
1042,CCNE,financial-services,banks-regional
1043,GNSS,technology,scientific-technical-instruments
1044,GOOD,real-estate,reit-diversified
1045,OPXS,industrials,aerospace-defense
1046,GILT,technology,communication-equipment
1047,SLSN,consumer-defensive,household-personal-products
1048,COST,consumer-defensive,discount-stores
1049,TTEK,industrials,engineering-construction
1050,LIN,basic-materials,specialty-chemicals
1051,PRPH,healthcare,diagnostics-research
1052,CHMG,financial-services,banks-regional
1054,TXN,technology,semiconductors
1055,LSAK,technology,software-infrastructure
1056,SCVL,consumer-cyclical,apparel-retail
1057,BGC,financial-services,capital-markets
1058,PSKY,communication-services,entertainment
1059,IMKTA,consumer-defensive,grocery-stores
1060,TTWO,communication-services,electronic-gaming-multimedia
1061,AEMD,healthcare,medical-devices
1062,SRCE,financial-services,banks-regional
1063,ERIE,financial-services,insurance-brokers
1064,NEPH,healthcare,medical-instruments-supplies
1065,VS,technology,software-application
1067,VRA,consumer-cyclical,footwear-accessories
1068,MDWD,healthcare,biotechnology
1069,PLAB,technology,semiconductor-equipment-materials
1070,FBNC,financial-services,banks-regional
1071,CDW,technology,information-technology-services
1072,SCNX,healthcare,pharmaceutical-retailers
1073,NEWT,financial-services,banks-regional
1074,CASI,healthcare,biotechnology
1075,INTG,consumer-cyclical,lodging
1076,FRAF,financial-services,banks-regional
1077,PRAA,financial-services,credit-services
1078,NDAQ,financial-services,financial-data-stock-exchanges
1079,ALGT,industrials,airlines
1080,FOXF,consumer-cyclical,auto-parts
1081,GABC,financial-services,banks-regional
1082,IMMP,healthcare,biotechnology
1083,NSPR,healthcare,medical-devices
1084,PERI,communication-services,internet-content-information
1086,SGRY,healthcare,medical-care-facilities
1087,WB,communication-services,internet-content-information
1089,GIGM,communication-services,electronic-gaming-multimedia
1090,BKYI,industrials,security-protection-services
1091,IESC,industrials,engineering-construction
1092,ATEX,communication-services,telecom-services
1093,COLL,healthcare,drug-manufacturers-specialty-generic
1094,HALO,healthcare,biotechnology
1096,ALOT,technology,computer-hardware
1097,DCOM,financial-services,banks-regional
1100,SBGI,communication-services,broadcasting
1101,SOBR,technology,scientific-technical-instruments
1103,BZUN,consumer-cyclical,internet-retail
1104,XRAY,healthcare,medical-instruments-supplies
1105,WSBC,financial-services,banks-regional
1106,ICLR,healthcare,diagnostics-research
1107,IONS,healthcare,biotechnology
1108,SLP,healthcare,health-information-services
1109,AMD,technology,semiconductors
1110,MLAB,technology,scientific-technical-instruments
1111,TAIT,technology,electronics-computer-distribution
1112,SIRI,communication-services,entertainment
1113,BLRX,healthcare,biotechnology
1114,DSGR,industrials,industrial-distribution
1115,FONR,healthcare,diagnostics-research
1116,VICR,technology,electronic-components
1117,RMBS,technology,semiconductors
1118,OMER,healthcare,biotechnology
1119,CMPR,industrials,specialty-business-services
1120,CHSCO,consumer-defensive,farm-products
1121,FTEK,industrials,pollution-treatment-controls
1122,EHTH,financial-services,insurance-brokers
1123,UCTT,technology,semiconductor-equipment-materials
1124,UPBD,technology,software-application
1125,LEE,communication-services,publishing
1126,AKTX,healthcare,biotechnology
1127,CIGI,real-estate,real-estate-services
1128,PHIO,healthcare,biotechnology
1129,SSBI,financial-services,banks-regional
1130,OTTR,industrials,conglomerates
1131,MSEX,utilities,utilities-regulated-water
1132,CVCO,consumer-cyclical,residential-construction
1133,AROW,financial-services,banks-regional
1134,NCTY,financial-services,capital-markets
1135,LAND,real-estate,reit-specialty
1136,POWI,technology,semiconductors
1137,GLAD,financial-services,asset-management
1138,WATT,technology,scientific-technical-instruments
1139,SHOO,consumer-cyclical,footwear-accessories
1140,FLEX,technology,electronic-components
1141,POCI,healthcare,medical-instruments-supplies
1142,KRNT,industrials,specialty-industrial-machinery
1143,HOPE,financial-services,banks-regional
1144,KTCC,technology,computer-hardware
1145,STAA,healthcare,medical-instruments-supplies
1146,PVBC,financial-services,banks-regional
1147,TVRD,healthcare,biotechnology
1148,FCEL,industrials,electrical-equipment-parts
1149,TBBK,financial-services,banks-regional
1150,CVLT,technology,software-application
1151,INOD,technology,information-technology-services
1152,ABEO,healthcare,biotechnology
1153,ROCK,industrials,building-products-equipment
1154,DBVT,healthcare,biotechnology
1155,ASYS,technology,semiconductor-equipment-materials
1156,CDTX,healthcare,biotechnology
1157,ILMN,healthcare,diagnostics-research
1158,AVNW,technology,communication-equipment
1159,MMLP,energy,oil-gas-midstream
1160,GOGO,communication-services,telecom-services
1161,VECO,technology,semiconductor-equipment-materials
1162,JXG,consumer-cyclical,apparel-manufacturing
1163,CENX,basic-materials,aluminum
1164,CMTL,technology,communication-equipment
1165,SIFY,communication-services,telecom-services
1166,CTMX,healthcare,biotechnology
1167,ASUR,technology,software-application
1168,GLDD,industrials,engineering-construction
1169,HLIT,technology,communication-equipment
1170,KALU,basic-materials,aluminum
1171,CAMT,technology,semiconductor-equipment-materials
1172,SWBI,industrials,aerospace-defense
1173,DJCO,technology,software-application
1174,BANR,financial-services,banks-regional
1176,RKDA,consumer-defensive,packaged-foods
1177,INTC,technology,semiconductors
1178,QUIK,technology,semiconductors
1179,HON,industrials,conglomerates
1181,PRSO,technology,semiconductors
1183,CBAT,industrials,electrical-equipment-parts
1185,BMRN,healthcare,biotechnology
1186,LBTYK,communication-services,telecom-services
1187,DLTR,consumer-defensive,discount-stores
1188,PETS,healthcare,pharmaceutical-retailers
1189,SOWG,consumer-defensive,confectioners
1190,AVDL,healthcare,drug-manufacturers-specialty-generic
1191,NEXT,energy,oil-gas-equipment-services
1192,TBHC,consumer-cyclical,home-improvement-retail
1193,JRVR,financial-services,insurance-specialty
1194,MTCH,communication-services,internet-content-information
1195,PRGS,technology,software-infrastructure
1196,PALI,healthcare,biotechnology
1197,EA,communication-services,electronic-gaming-multimedia
1198,FISI,financial-services,banks-regional
1199,RGNX,healthcare,biotechnology
1200,GLBS,industrials,marine-shipping
1201,SNGX,healthcare,biotechnology
1202,MPAA,consumer-cyclical,auto-parts
1203,CBIO,healthcare,biotechnology
1204,CZR,consumer-cyclical,resorts-casinos
1205,WILC,consumer-defensive,food-distribution
1206,CZWI,financial-services,banks-regional
1207,BRTX,healthcare,biotechnology
1211,PFX,financial-services,asset-management
1212,WHLRP,real-estate,reit-retail
1213,TTNP,healthcare,biotechnology
1214,PFBC,financial-services,banks-regional
1215,LCUT,consumer-cyclical,furnishings-fixtures-appliances
1216,HHS,industrials,conglomerates
1217,DOX,technology,software-infrastructure
1218,QURE,healthcare,biotechnology
1219,RIME,technology,consumer-electronics
1220,MCRB,healthcare,biotechnology
1221,UBFO,financial-services,banks-regional
1222,MYRG,industrials,engineering-construction
1223,OXSQ,financial-services,asset-management
1225,LINC,consumer-defensive,education-training-services
1226,ISBA,financial-services,banks-regional
1227,QIPT,healthcare,medical-distribution
1228,FLL,consumer-cyclical,resorts-casinos
1229,PGC,financial-services,banks-regional
1232,SILC,technology,communication-equipment
1233,WSFS,financial-services,banks-regional
1234,CCEC,industrials,marine-shipping
1235,PDSB,healthcare,biotechnology
1236,CYTK,healthcare,biotechnology
1238,OPRX,healthcare,health-information-services
1239,IPM,technology,software-application
1240,PROP,energy,oil-gas-e-p
1241,CNET,communication-services,advertising-agencies
1242,TRMB,technology,scientific-technical-instruments
1243,PLUR,healthcare,biotechnology
1244,SNBR,consumer-cyclical,furnishings-fixtures-appliances
1245,SAIA,industrials,trucking
1246,TTGT,technology,information-technology-services
1247,PTCT,healthcare,biotechnology
1248,MRCC,financial-services,asset-management
1249,ENPH,technology,solar
1250,KHC,consumer-defensive,packaged-foods
1251,APOG,industrials,building-products-equipment
1252,POET,technology,semiconductors
1253,THFF,financial-services,banks-regional
1254,SYTA,technology,communication-equipment
1255,CFFN,financial-services,banks-regional
1256,GAIN,financial-services,asset-management
1257,ADSK,technology,software-application
1259,EVGN,healthcare,biotechnology
1260,BLDP,industrials,electrical-equipment-parts
1261,KINS,financial-services,insurance-property-casualty
1263,ALDX,healthcare,biotechnology
1264,QQQX,financial-services,asset-management
1266,MU,technology,semiconductors
1267,SYPR,consumer-cyclical,auto-parts
1268,HURN,industrials,consulting-services
1270,IDCC,technology,software-application
1271,CREX,technology,software-application
1272,CTRN,consumer-cyclical,apparel-retail
1273,MTSI,technology,semiconductors
1274,HBNC,financial-services,banks-regional
1275,NECB,financial-services,banks-regional
1276,ANY,financial-services,capital-markets
1277,ACNT,basic-materials,chemicals
1278,MOMO,communication-services,internet-content-information
1279,VNET,technology,information-technology-services
1281,SPWH,consumer-cyclical,specialty-retail
1282,OXLC,financial-services,asset-management
1283,DRIO,healthcare,health-information-services
1284,CGC,healthcare,drug-manufacturers-specialty-generic
1285,MLCO,consumer-cyclical,resorts-casinos
1286,CHTR,communication-services,telecom-services
1287,MTEX,consumer-defensive,food-distribution
1288,QLYS,technology,software-infrastructure
1289,PAGP,energy,oil-gas-midstream
1290,ACB,healthcare,drug-manufacturers-specialty-generic
1291,ASMB,healthcare,biotechnology
1292,ALTO,basic-materials,specialty-chemicals
1295,GEG,financial-services,asset-management
1296,EFSI,financial-services,banks-regional
1297,OSBC,financial-services,banks-regional
1298,MGIC,technology,information-technology-services
1299,BATRA,communication-services,entertainment
1300,CCD,financial-services,asset-management
1301,VLY,financial-services,banks-regional
1302,HFBL,financial-services,banks-regional
1303,SENEB,consumer-defensive,packaged-foods
1304,HIMX,technology,semiconductors
1305,WING,consumer-cyclical,restaurants
1306,CRIS,healthcare,biotechnology
1307,BOOM,industrials,conglomerates
1308,FGNX,financial-services,asset-management
1309,SGRP,industrials,specialty-business-services
1310,MANH,technology,software-application
1311,MBWM,financial-services,banks-regional
1312,WASH,financial-services,banks-regional
1313,FMBH,financial-services,banks-regional
1314,RBBN,technology,software-application
1315,RICK,consumer-cyclical,restaurants
1316,NXPL,technology,software-application
1317,MXL,technology,semiconductors
1318,CSQ,financial-services,asset-management
1319,VKTX,healthcare,biotechnology
1320,BEEM,technology,solar
1321,NVFY,consumer-cyclical,furnishings-fixtures-appliances
1322,VYGR,healthcare,biotechnology
1323,AKBA,healthcare,drug-manufacturers-specialty-generic
1324,VTRS,healthcare,drug-manufacturers-specialty-generic
1325,AVTX,healthcare,biotechnology
1326,CRAI,industrials,consulting-services
1327,PFIS,financial-services,banks-regional
1329,SRPT,healthcare,biotechnology
1330,CHSCM,consumer-defensive,farm-products
1331,CSGP,real-estate,real-estate-services
1332,SHOP,technology,software-application
1333,RMTI,healthcare,drug-manufacturers-specialty-generic
1334,TEAM,technology,software-application
1335,GTIM,consumer-cyclical,restaurants
1336,AEHR,technology,semiconductor-equipment-materials
1337,TFSL,financial-services,banks-regional
1338,FWONK,communication-services,entertainment
1340,BLBD,industrials,farm-heavy-construction-machinery
1341,FRBA,financial-services,banks-regional
1343,DENN,consumer-cyclical,restaurants
1344,IBOC,financial-services,banks-regional
1345,VTGN,healthcare,biotechnology
1346,DOMH,financial-services,capital-markets
1347,KOSS,technology,consumer-electronics
1348,CDNS,technology,software-application
1349,TREE,financial-services,financial-conglomerates
1350,ABVC,healthcare,biotechnology
1351,EDIT,healthcare,biotechnology
1352,SPCB,industrials,security-protection-services
1353,ADVM,healthcare,biotechnology
1354,INGN,healthcare,medical-devices
1355,SBAC,real-estate,reit-specialty
1356,ERNA,healthcare,biotechnology
1357,QRHC,industrials,waste-management
1358,NAVI,financial-services,credit-services
1359,IRIX,healthcare,medical-devices
1360,GRCE,healthcare,biotechnology
1361,VSEC,industrials,aerospace-defense
1362,CSX,industrials,railroads
1363,MRVL,technology,semiconductors
1365,FCUV,technology,scientific-technical-instruments
1366,NWL,consumer-defensive,household-personal-products
1367,DXLG,consumer-cyclical,apparel-retail
1368,CHW,financial-services,asset-management
1369,COCP,healthcare,biotechnology
1370,CLRB,healthcare,biotechnology
1371,CARE,financial-services,banks-regional
1372,CELZ,healthcare,biotechnology
1373,RRR,consumer-cyclical,resorts-casinos
1374,MPB,financial-services,banks-regional
1375,IEP,energy,oil-gas-refining-marketing
1376,CIIT,industrials,integrated-freight-logistics
1377,SVC,real-estate,reit-hotel-motel
1379,LTRX,technology,communication-equipment
1380,LGIH,consumer-cyclical,residential-construction
1381,ICCC,healthcare,biotechnology
1382,BCDA,healthcare,biotechnology
1383,FCCO,financial-services,banks-regional
1384,ISRG,healthcare,medical-instruments-supplies
1385,CBFV,financial-services,banks-regional
1386,PRTS,consumer-cyclical,auto-parts
1387,CENT,consumer-defensive,packaged-foods
1388,TNXP,healthcare,biotechnology
1389,RUN,technology,solar
1390,VRSK,industrials,consulting-services
1391,ADAP,healthcare,biotechnology
1393,CDXS,healthcare,biotechnology
1394,VCYT,healthcare,diagnostics-research
1395,OVLY,financial-services,banks-regional
1396,ACTG,industrials,business-equipment-supplies
1397,FLWS,consumer-cyclical,specialty-retail
1398,META,communication-services,internet-content-information
1399,MDXG,healthcare,biotechnology
1400,EDUC,communication-services,publishing
1401,ZUMZ,consumer-cyclical,apparel-retail
1402,RELL,technology,electronic-components
1403,DTST,technology,information-technology-services
1405,SINT,healthcare,medical-devices
1406,PMCB,healthcare,biotechnology
1407,FULT,financial-services,banks-regional
1408,WEYS,consumer-cyclical,footwear-accessories
1409,MRKR,healthcare,biotechnology
1410,HROW,healthcare,drug-manufacturers-specialty-generic
1411,ZG,communication-services,internet-content-information
1412,HRTX,healthcare,biotechnology
1413,LFVN,consumer-defensive,packaged-foods
1414,PRTA,healthcare,biotechnology
1415,IRBT,consumer-cyclical,furnishings-fixtures-appliances
1416,CHRW,industrials,integrated-freight-logistics
1417,AWRE,technology,software-application
1418,CZFS,financial-services,banks-regional
1419,NRC,healthcare,health-information-services
1420,EEFT,technology,software-infrastructure
1421,FMAO,financial-services,banks-regional
1423,CREG,utilities,utilities-renewable
1424,PPC,consumer-defensive,packaged-foods
1425,KRNY,financial-services,banks-regional
1426,NWBI,financial-services,banks-regional
1427,CTSO,healthcare,medical-devices
1428,ANIP,healthcare,drug-manufacturers-specialty-generic
1429,NTCT,technology,software-infrastructure
1430,IDXX,healthcare,diagnostics-research
1431,MFH,technology,information-technology-services
1433,KGEI,energy,oil-gas-e-p
1434,KRMD,healthcare,medical-instruments-supplies
1435,NATH,consumer-cyclical,restaurants
1436,BFIN,financial-services,banks-regional
1437,MRTN,industrials,trucking
1438,XEL,utilities,utilities-regulated-electric
1440,GEOS,energy,oil-gas-equipment-services
1441,BUSE,financial-services,banks-regional
1442,BCAL,financial-services,banks-regional
1444,AUBN,financial-services,banks-regional
1446,DXR,healthcare,medical-instruments-supplies
1447,TOUR,consumer-cyclical,travel-services
1448,PZZA,consumer-cyclical,restaurants
1449,ACRS,healthcare,biotechnology
1450,NTES,communication-services,electronic-gaming-multimedia
1452,SOTK,technology,scientific-technical-instruments
1453,NEON,technology,electronic-components
1454,NBIX,healthcare,drug-manufacturers-specialty-generic
1455,LWLG,basic-materials,specialty-chemicals
1456,BOTJ,financial-services,banks-regional
1458,VRNT,technology,software-infrastructure
1459,KDP,consumer-defensive,beverages-non-alcoholic
1460,ASPS,real-estate,real-estate-services
1461,IBIO,healthcare,biotechnology
1462,PSMT,consumer-defensive,discount-stores
1463,FIVE,consumer-cyclical,specialty-retail
1464,FARM,consumer-defensive,packaged-foods
1465,EPSN,energy,oil-gas-e-p
1466,ATOS,healthcare,biotechnology
1467,LSBK,financial-services,banks-regional
1468,WVVI,consumer-defensive,beverages-wineries-distilleries
1469,EVOK,healthcare,drug-manufacturers-specialty-generic
1470,SPSC,technology,software-application
1471,KLAC,technology,semiconductor-equipment-materials
1472,HGBL,financial-services,capital-markets
1473,FIVN,technology,software-infrastructure
1474,JBHT,industrials,integrated-freight-logistics
1475,UMBF,financial-services,banks-regional
1476,DGLY,communication-services,internet-content-information
1477,CHSCP,consumer-defensive,farm-products
1478,FRPH,real-estate,real-estate-services
1479,BWFG,financial-services,banks-regional
1480,ALTS,technology,software-application
1481,NIXX,industrials,staffing-employment-services
1482,GROW,financial-services,asset-management
1484,EU,energy,uranium
1486,JACK,consumer-cyclical,restaurants
1487,ZNB,communication-services,entertainment
1489,RUSHB,consumer-cyclical,auto-truck-dealerships
1490,EKSO,healthcare,medical-instruments-supplies
1491,STRA,consumer-defensive,education-training-services
1492,PEP,consumer-defensive,beverages-non-alcoholic
1493,VOD,communication-services,telecom-services
1494,CNVS,communication-services,entertainment
1495,TCRT,healthcare,biotechnology
1496,ANIX,healthcare,biotechnology
1497,LXRX,healthcare,biotechnology
1498,STLD,basic-materials,steel
1499,EGBN,financial-services,banks-regional
1500,AZTA,healthcare,medical-instruments-supplies
1501,LQDT,consumer-cyclical,internet-retail
1502,DMAC,healthcare,biotechnology
1503,HBIO,healthcare,medical-instruments-supplies
1504,CPRX,healthcare,biotechnology
1506,MTLS,technology,software-application
1507,SWKH,financial-services,asset-management
1508,ASRT,healthcare,drug-manufacturers-specialty-generic
1509,FDBC,financial-services,banks-regional
1510,PTEN,energy,oil-gas-drilling
1511,TRUP,financial-services,insurance-property-casualty
1512,CIVB,financial-services,banks-regional
1514,COFS,financial-services,banks-regional
1515,EXAS,healthcare,diagnostics-research
1516,NVAX,healthcare,biotechnology
1517,CRWS,consumer-cyclical,furnishings-fixtures-appliances
1518,APDN,healthcare,diagnostics-research
1519,VNOM,energy,oil-gas-midstream
1520,HFWA,financial-services,banks-regional
1522,USLM,basic-materials,building-materials
1523,PPIH,industrials,building-products-equipment
1524,PRHI,financial-services,insurance-property-casualty
1525,AMKR,technology,semiconductor-equipment-materials
1526,GREE,financial-services,capital-markets
1527,FBIZ,financial-services,banks-regional
1528,RVYL,technology,software-infrastructure
1530,AGEN,healthcare,biotechnology
1531,IRD,healthcare,biotechnology
1532,ALRM,technology,software-application
1533,IROQ,financial-services,banks-regional
1534,ESOA,industrials,engineering-construction
1535,DARE,healthcare,biotechnology
1536,RILY,financial-services,financial-conglomerates
1537,XENE,healthcare,biotechnology
1538,BRID,consumer-defensive,packaged-foods
1539,SSRM,basic-materials,gold
1540,WULF,financial-services,capital-markets
1541,MLCI,financial-services,asset-management
1542,FITBI,financial-services,banks-regional
1543,KALV,healthcare,biotechnology
1544,IBKR,financial-services,capital-markets
1545,KPTI,healthcare,biotechnology
1546,TRIP,consumer-cyclical,travel-services
1547,MCHP,technology,semiconductors
1548,ADI,technology,semiconductors
1549,INTZ,technology,software-infrastructure
1550,OCFC,financial-services,banks-regional
1551,CMCT,real-estate,reit-office
1552,AUDC,technology,communication-equipment
1553,ICMB,financial-services,asset-management
1554,ELSE,technology,scientific-technical-instruments
1555,GRVY,communication-services,electronic-gaming-multimedia
1556,RLMD,healthcare,biotechnology
1557,CMCSA,communication-services,telecom-services
1558,NRIM,financial-services,banks-regional
1559,SHEN,communication-services,telecom-services
1560,Z,communication-services,internet-content-information
1561,XWEL,healthcare,diagnostics-research
1562,DPZ,consumer-cyclical,restaurants
1564,ITRN,technology,scientific-technical-instruments
1566,SLNH,financial-services,capital-markets
1567,AVAV,industrials,aerospace-defense
1568,CLMB,technology,electronics-computer-distribution
1569,SOHO,real-estate,reit-hotel-motel
1570,RCKY,consumer-cyclical,footwear-accessories
1571,KE,industrials,electrical-equipment-parts
1572,BLMN,consumer-cyclical,restaurants
1573,MGPI,consumer-defensive,beverages-wineries-distilleries
1574,FDUS,financial-services,asset-management
1575,AVXL,healthcare,biotechnology
1576,WBD,communication-services,entertainment
1577,STKS,consumer-cyclical,restaurants
1578,PAA,energy,oil-gas-midstream
1579,ACNB,financial-services,banks-regional
1580,RVSB,financial-services,banks-regional
1582,ADMA,healthcare,biotechnology
1583,TSBK,financial-services,banks-regional
1584,EGHT,technology,software-application
1585,CTAS,industrials,specialty-business-services
1586,LIVE,consumer-cyclical,home-improvement-retail
1587,ALNT,technology,electronic-components
1588,MLKN,consumer-cyclical,furnishings-fixtures-appliances
1589,XTIA,industrials,aerospace-defense
1590,GPRO,technology,consumer-electronics
1591,FWRD,industrials,integrated-freight-logistics
1592,MELI,consumer-cyclical,internet-retail
1593,VRTX,healthcare,biotechnology
1594,LOCO,consumer-cyclical,restaurants
1595,CSGS,technology,software-infrastructure
1596,DOOO,consumer-cyclical,recreational-vehicles
1597,XNET,technology,software-infrastructure
1599,GWAV,industrials,waste-management
1600,NDLS,consumer-cyclical,restaurants
1602,SPOK,healthcare,health-information-services
1604,INVA,healthcare,biotechnology
1605,PTC,technology,software-application
1606,SUPN,healthcare,drug-manufacturers-specialty-generic
1607,NERV,healthcare,biotechnology
1608,RIGL,healthcare,biotechnology
1609,GDC,communication-services,electronic-gaming-multimedia
1610,ASND,healthcare,biotechnology
1611,GDEN,consumer-cyclical,resorts-casinos
1612,SBET,consumer-cyclical,gambling
1613,INVE,industrials,building-products-equipment
1614,OCGN,healthcare,biotechnology
1615,TTMI,technology,electronic-components
1616,KPRX,healthcare,biotechnology
1617,COO,healthcare,medical-instruments-supplies
1618,ACAD,healthcare,biotechnology
1621,CCBG,financial-services,banks-regional
1622,FAST,industrials,industrial-distribution
1623,ONCY,healthcare,biotechnology
1624,HAS,consumer-cyclical,leisure
1625,DORM,consumer-cyclical,auto-parts
1626,OXBR,financial-services,insurance-reinsurance
1628,MCHB,financial-services,banks-regional
1629,LPSN,technology,software-application
1630,SHIP,industrials,marine-shipping
1631,GLRE,financial-services,insurance-reinsurance
1632,SRDX,healthcare,medical-devices
1633,BTCS,financial-services,capital-markets
1635,PATK,consumer-cyclical,furnishings-fixtures-appliances
1637,IOSP,basic-materials,specialty-chemicals
1638,ATLC,financial-services,credit-services
1639,BGFV,consumer-cyclical,specialty-retail
1640,LITE,technology,communication-equipment
1642,FVCB,financial-services,banks-regional
1643,UTHR,healthcare,drug-manufacturers-specialty-generic
1644,STEX,financial-services,capital-markets
1645,TSAT,technology,communication-equipment
1646,USEG,energy,oil-gas-e-p
1647,CCLD,healthcare,health-information-services
1648,KMDA,healthcare,drug-manufacturers-specialty-generic
1649,CLWT,industrials,pollution-treatment-controls
1650,NKSH,financial-services,banks-regional
1651,VBTX,financial-services,banks-regional
1652,HTLD,industrials,trucking
1653,NDSN,industrials,specialty-industrial-machinery
1654,CHRD,energy,oil-gas-e-p
1655,CHKP,technology,software-infrastructure
1656,COLM,consumer-cyclical,apparel-manufacturing
1657,EXPE,consumer-cyclical,travel-services
1658,SAIC,technology,information-technology-services
1659,CYRX,industrials,integrated-freight-logistics
1660,SABR,technology,software-infrastructure
1661,APPF,technology,software-application
1662,CERS,healthcare,medical-devices
1663,FEIM,technology,communication-equipment
1664,MFIC,financial-services,asset-management
1665,CNTY,consumer-cyclical,resorts-casinos
1666,FRST,financial-services,banks-regional
1667,SONN,healthcare,biotechnology
1668,IZEA,communication-services,internet-content-information
1669,TSCO,consumer-cyclical,specialty-retail
1670,ARCB,industrials,trucking
1671,STRL,industrials,engineering-construction
1672,EPIX,healthcare,biotechnology
1673,LE,consumer-cyclical,apparel-retail
1674,LMB,industrials,building-products-equipment
1675,ATRA,healthcare,biotechnology
1676,NWFL,financial-services,banks-regional
1677,ULH,industrials,trucking
1678,WHLR,real-estate,reit-retail
1679,URBN,consumer-cyclical,apparel-retail
1680,CENTA,consumer-defensive,packaged-foods
1681,TPCS,industrials,metal-fabrication
1682,MGRC,industrials,rental-leasing-services
1683,RMNI,technology,software-application
1686,BFC,financial-services,banks-regional
1687,FIEE,technology,communication-equipment
1688,MERC,basic-materials,paper-paper-products
1689,STGW,communication-services,advertising-agencies
1691,PCRX,healthcare,drug-manufacturers-specialty-generic
1692,ALM,basic-materials,other-industrial-metals-mining
1693,EML,industrials,tools-accessories
1694,PRDO,consumer-defensive,education-training-services
1695,AXTI,technology,semiconductor-equipment-materials
1696,CASY,consumer-cyclical,specialty-retail
1697,IAC,communication-services,internet-content-information
1698,AEP,utilities,utilities-regulated-electric
1699,CHDN,consumer-cyclical,gambling
1700,CNOB,financial-services,banks-regional
1701,ODP,consumer-cyclical,specialty-retail
1702,EVRG,utilities,utilities-regulated-electric
1703,RARE,healthcare,biotechnology
1705,BOKF,financial-services,banks-regional
1706,CSTE,industrials,building-products-equipment
1707,OBT,financial-services,banks-regional
1708,ELTK,technology,electronic-components
1710,ABTS,financial-services,capital-markets
1711,QUBT,technology,computer-hardware
1712,CCOI,communication-services,telecom-services
1714,TBCH,technology,consumer-electronics
1715,MMSI,healthcare,medical-instruments-supplies
1717,CLIR,industrials,pollution-treatment-controls
1718,OCUL,healthcare,biotechnology
1719,VNDA,healthcare,biotechnology
1721,TZOO,communication-services,internet-content-information
1722,IPGP,technology,semiconductor-equipment-materials
1723,QRVO,technology,semiconductors
1724,HTHT,consumer-cyclical,lodging
1725,EBAY,consumer-cyclical,internet-retail
1726,BIIB,healthcare,drug-manufacturers-general
1727,NTIC,basic-materials,specialty-chemicals
1728,ALLT,technology,software-infrastructure
1729,BBGI,communication-services,broadcasting
1730,ROST,consumer-cyclical,apparel-retail
1731,POWL,industrials,electrical-equipment-parts
1732,RGEN,healthcare,medical-instruments-supplies
1733,APWC,industrials,electrical-equipment-parts
1735,BLIN,technology,software-infrastructure
1736,CRUS,technology,semiconductors
1737,UONE,communication-services,broadcasting
1738,INBK,financial-services,banks-regional
1739,TIPT,financial-services,insurance-specialty
1740,NXPI,technology,semiconductors
1741,CDNA,healthcare,diagnostics-research
1742,ETSY,consumer-cyclical,internet-retail
1743,MTRX,industrials,engineering-construction
1744,CALM,consumer-defensive,farm-products
1745,MIGI,financial-services,capital-markets
1747,PSIX,industrials,specialty-industrial-machinery
1748,CTXR,healthcare,biotechnology
1750,ACIW,technology,software-infrastructure
1751,GASS,industrials,marine-shipping
1752,IMUX,healthcare,biotechnology
1753,CSPI,technology,information-technology-services
1754,SIEB,financial-services,capital-markets
1755,TENX,healthcare,biotechnology
1756,FSLR,technology,solar
1757,ADUS,healthcare,medical-care-facilities
1758,RDGT,healthcare,pharmaceutical-retailers
1759,OPCH,healthcare,medical-care-facilities
1760,BCML,financial-services,banks-regional
1761,AUPH,healthcare,biotechnology
1762,LPLA,financial-services,capital-markets
1763,INDB,financial-services,banks-regional
1764,ENLV,healthcare,biotechnology
1765,LDWY,communication-services,advertising-agencies
1766,BELFA,technology,electronic-components
1767,SYRE,healthcare,biotechnology
1768,ARTW,industrials,farm-heavy-construction-machinery
1769,STRT,consumer-cyclical,auto-parts
1770,MIND,technology,scientific-technical-instruments
1771,QCOM,technology,semiconductors
1772,ACHC,healthcare,medical-care-facilities
1773,LIXT,healthcare,biotechnology
1774,MCHX,communication-services,advertising-agencies
1776,EWBC,financial-services,banks-regional
1777,BRKR,healthcare,medical-devices
1778,PBYI,healthcare,biotechnology
1779,MSTR,technology,software-application
1780,HUBG,industrials,integrated-freight-logistics
1781,XELB,consumer-cyclical,apparel-manufacturing
1782,MITK,technology,software-application
1785,NAII,consumer-defensive,packaged-foods
1786,FSTR,industrials,railroads
1787,ATXS,healthcare,biotechnology
1788,AAL,industrials,airlines
1789,CARM,healthcare,biotechnology
1790,ASRV,financial-services,banks-regional
1791,MNST,consumer-defensive,beverages-non-alcoholic
1792,AAOI,technology,communication-equipment
1793,PLUS,technology,software-application
1794,DGICA,financial-services,insurance-property-casualty
1795,KOPN,technology,electronic-components
1796,SBLK,industrials,marine-shipping
1799,IPDN,industrials,staffing-employment-services
